Days ago,Price (USD),Market Cap (USD),Volume (USD),Days ago,Price (USD),Market Cap (USD),Volume (USD),CV_9day,CC_9day,CV_20day,CC_20day,CV_50day,CC_50day,CV_200day,CC_200day,CV_365day,CC_365day
0.0,3.493136594251142,0.0,1714196.8196819588,0.0,42254.738123237206,799547462142.6093,15479727288.782782,-39.27691642049442,-0.7198580649564876,110.15074510814219,0.5176599284927157,207.77940622967358,0.5648842731363062,139.66015256862119,0.0527465131913188,2348.642778673552,0.41473252746255085
1.0,3.566468102837167,0.0,2343999.4506945903,1.0,42445.38876793804,803706779791.898,23279080009.72499,-23.822724009194953,-0.3919485924602087,134.45834234025847,0.605088955161303,217.94245389778715,0.5983818963916284,163.83303021619815,0.06165081197027161,,
2.0,3.5566861188615793,0.0,2720936.11830761,2.0,43628.13953235228,826942197610.3904,27877618433.98099,0.1447221452107427,0.002115006530052196,161.20759590510522,0.6962967079175874,229.07067305957833,0.6378512932676316,191.40395879063303,0.0717170489716139,,
3.0,3.605277236508565,0.0,4097335.3453181796,3.0,44383.88805541707,841339973338.8694,19780565063.098923,20.10462035349823,0.2713763908903494,186.64918680841063,0.7716982169213198,236.08798596461122,0.6662190917826246,223.09088003940752,0.08299451084286688,,
4.0,3.569349115677183,0.0,2805346.8118566433,4.0,44184.447511676175,837406846076.2306,29024977264.932137,37.36481426037632,0.48992469295771257,201.06259401208092,0.8354703637087665,243.18229389403527,0.6935171401997906,260.93920767693896,0.0961676869558629,,
5.0,3.3627753868682753,0.0,3271622.374543409,5.0,43910.929986443094,833392518214.8341,24171856714.475758,55.8504292568127,0.6992194706091153,208.90908856276567,0.8913346938271348,247.4183874558601,0.7067761555053382,302.66520621579747,0.11033148033753333,,
6.0,3.3414423013074406,0.0,3892842.1963640912,6.0,42475.543220951215,804942041477.0581,13206494654.908047,72.59428669986497,0.8185193747520411,213.55597846681025,0.9196735658600029,249.63013958549087,0.7112777660288823,348.48582074482266,0.12525653009340523,,
7.0,3.1282176109261006,0.0,3248509.1778776664,7.0,41493.690050910525,786295053042.2418,16752051696.248552,89.80909496152283,0.9306183179143775,218.6317052714185,0.9525861563660125,252.88652996864386,0.7187756094525367,398.3038745178356,0.14110885462465989,,
8.0,2.824806003555078,0.0,1501912.0665249096,8.0,41673.8395543094,777355085535.6107,25347215343.882504,105.2047580056772,0.9794150870937359,220.06126742412997,0.964626200228455,251.35510122882172,0.6997247458463907,452.1569922104583,0.15744767043509758,,
9.0,2.7652980759292056,0.0,1360558.7829067588,9.0,37101.351593780935,703003347951.7092,16136299994.837618,117.1474584170699,0.9828086906187821,214.732157687553,0.9496852483781544,247.0193048090587,0.6794919996847075,505.1170312229246,0.17277269253425237,,
10.0,2.5167201771129935,0.0,1164109.0136297808,10.0,37000.98249864199,700645616423.8325,16709908527.231106,124.72391244624119,0.9965781538889604,205.68272151664632,0.943223383571154,240.78558079585216,0.6570905925566249,545.7695765715532,0.18443588087303173,,
11.0,2.498705271786202,0.0,1557017.649499858,11.0,38835.69494322237,736102274236.6057,17109120250.158987,125.39192590413542,0.9965965412782328,190.36817988111335,0.9328163111636875,225.92730091886327,0.6106938261097247,576.9757683369011,0.19301394869137148,,
12.0,2.595595571316925,0.0,1848049.9878833462,12.0,38555.53446121157,727905398095.9747,17731563487.283978,128.79506221928915,0.9993386718079192,177.30527543514603,0.9284891911790698,208.11180165899628,0.5470605694287484,612.4233391893754,0.20246779943121604,,
13.0,2.5738839701971754,0.0,1323400.6101656137,13.0,37983.151499406464,719570142321.8397,11807185113.633108,135.86132511425595,0.9985929370781924,166.45364496645652,0.9190720025016816,199.73923133063823,0.5338471883264985,647.470402597887,0.21165394910796823,,
14.0,2.5543581747862776,0.0,1584526.4995619387,14.0,38232.17873217708,722829009646.1814,14178650231.62196,142.15927229918248,0.9973996115985161,157.54091195255276,0.914884021239186,191.25263021168936,0.49016248711619004,677.6613965246132,0.21944897151830284,,
15.0,2.5895835989262377,0.0,1319742.2336887894,15.0,37852.57902803263,717026944842.8334,19214103304.052933,137.80690851313008,0.9957066212866006,150.88151061903216,0.9099927344662463,175.01785177861163,0.4245801438312184,704.9098611660104,0.22631165327183086,,
16.0,2.572863027874279,0.0,1544661.0717217044,16.0,37276.839558174994,702311456032.8538,22057410457.280827,127.4411815856104,0.98930596166361,144.92604860423734,0.9044013650307018,161.76437306974935,0.37892372798884927,732.3690557248834,0.23318300014312446,,
17.0,2.5276536032630457,0.0,1511294.1820983086,17.0,36870.440166930995,700165819656.2855,26756873749.744743,114.6224115519733,0.9784522717248677,139.26213283031794,0.8958721535512495,159.89003402654265,0.3586635652474608,752.1502745845173,0.23811044897995418,,
18.0,2.5187890930416774,0.0,1909922.6904886514,18.0,36988.928510667356,700571452648.8236,46168918584.85349,99.37076090112656,0.959764858336495,129.49988710616503,0.8793504170111475,159.6175513642182,0.3370619201065269,767.1287687918203,0.2417356580681996,,
19.0,2.505652810898494,0.0,1859451.6231795955,19.0,36774.00714224005,696465421899.37,36385158448.60688,83.39319969383409,0.9349097381263878,113.88657537362137,0.8582768647072773,154.62167802086282,0.32626716645342646,782.0698731238949,0.24533013948151594,,
20.0,2.5093919201750956,0.0,2168161.5889106453,20.0,36306.409440464704,687575973800.0704,22865032968.608204,65.30449615891642,0.8770928434426665,96.88536161996599,0.8303351543491904,143.39447083816137,0.3075615896390928,797.781028767744,0.2489969184428203,,
21.0,2.511794938043285,0.0,1570306.7396603543,21.0,35180.435462830384,666220701468.4846,35517336417.257744,47.401655167192914,0.8055731683697815,77.49419124846058,0.7115858298768323,133.69205459630382,0.28120024777333225,813.2807073041004,0.25271822122987464,,
22.0,2.434577835708663,0.0,2283625.6875213087,22.0,36508.799789830824,692855029162.9379,38296960033.31628,29.305306121218894,0.6997855383309073,58.14347397579221,0.6164715820249882,139.93709170284637,0.30888044016566457,823.9348259357928,0.25534681630570705,,
23.0,2.6070209665251283,0.0,2617751.6743620373,23.0,40707.6824143097,774235809673.4731,20930163211.171124,10.760708980233602,0.49190591555544455,38.78581561559966,0.4968615802852825,157.076560633679,0.35157820275718793,833.549996591222,0.2575183613338495,,
24.0,2.910931817048941,0.0,1764848.3854235387,24.0,41749.55143098559,790507925308.7825,19626113309.554142,2.7558652147518625,0.2971322106421273,28.216113622128322,0.3846658307972482,176.9590419368397,0.3824674900727193,851.4928684625933,0.2615901735448345,,
25.0,2.9767632541931994,0.0,1799925.0154935601,25.0,42395.45879157343,803962100417.9756,18897950050.285973,4.482252646599777,0.35918495332486966,25.47183769788713,0.3586530143807235,184.05197232910376,0.38656296430287396,874.6104883394515,0.26684654717377365,,
26.0,3.0109917900158716,0.0,2067208.8292371917,26.0,42298.341116872325,800822650383.9624,17694929625.845875,9.919818852086845,0.4812576011395117,23.316177975056355,0.33244804003060296,187.4568687826625,0.37821412810171257,902.7811503467013,0.2731676156253518,,
27.0,3.052429467028504,0.0,2071102.9307690957,27.0,43119.79214308028,816325578941.135,14452346388.550371,16.103438294341615,0.5987253991158972,22.624695743383395,0.32866306493878333,188.97543128400838,0.37005570183134545,934.4729471839638,0.2802287842759495,,
28.0,3.158167028327906,0.0,1923310.4730977907,28.0,43226.65026980921,816800318526.6782,14651008624.734596,24.40562341186513,0.7027059191286386,25.431908993055185,0.36581561518854616,188.58972845775304,0.36566539591014946,963.4902021041305,0.28663799937379125,,
29.0,3.1002893781309986,0.0,2232628.6324299206,29.0,43120.85451108056,816129314317.4397,20238314434.86153,31.915187835681895,0.7988338969965016,29.77158961682995,0.425444205841562,187.71899197870212,0.3619199204469702,988.310957844382,0.2921767284853262,,
30.0,3.003698348221716,0.0,2299362.123628253,30.0,42608.41001195019,806510860231.8285,43905745871.292786,32.9277663032162,0.8335259872691873,33.16676813145774,0.47263863972650955,183.59989067128797,0.337075043620396,1014.0534562430644,0.2976584837360627,,
31.0,2.984952499435988,0.0,3807967.893934131,31.0,43981.87732717414,832460077955.3481,28250302540.221024,31.909107642988026,0.8437918052422846,35.56809540343138,0.5088425828260831,184.2050987065609,0.3294611187706701,1041.77777420022,0.3034718630186923,,
32.0,2.9902830664462967,0.0,6305646.52544994,32.0,42777.211020482355,809621515508.4065,22813557397.82151,28.983978032603684,0.6652427125160706,37.96357397149454,0.5343785620703717,182.97591351771996,0.31594200492299396,1075.2388342541356,0.3100432611084059,,
33.0,2.8068097518284696,0.0,1163357.4977624132,33.0,41869.85905559219,792407724467.5966,27984634062.049942,27.551154123591665,0.6266242320817585,37.98527350674491,0.5475005307765427,182.4427794737743,0.3094218535013907,1101.2226860125143,0.31483191031337987,,
34.0,2.6622761847014194,0.0,1261807.7287223581,34.0,41862.3609856517,791648558214.5575,18016718173.608612,23.40417596222937,0.5748499330316647,35.43572066328777,0.536141689064491,175.61918411676942,0.28786498079932116,1116.14588811717,0.31747649355984675,,
35.0,2.6557865324393726,0.0,939304.7524705552,35.0,41756.66232397826,792892599975.9554,23337017232.770664,15.141511516226219,0.41546324739673857,27.636423359259005,0.4465814538843278,170.8288940057738,0.26940708445907474,1121.833869155918,0.31769189700231026,,
36.0,2.58577909488125,0.0,2461302.4401078937,36.0,41527.197042644846,787735561341.1113,79685254648.07628,7.986970679260178,0.2694892555591182,19.5423507818021,0.35323979060048044,165.68006698278464,0.25545210961660403,1132.9813152455135,0.31902193347312396,,
37.0,2.5926311485206956,0.0,1879009.7826392595,37.0,43216.45867693359,819522879407.0583,26366602396.811768,-1.323543303288294,-0.061750234159203596,10.04347546141747,0.21539484534726983,158.240199665145,0.24152067363923968,1149.5683271552844,0.3215486948380685,,
38.0,3.0240461666449026,0.0,2778718.3696480417,38.0,43647.147508068054,827723202715.1049,31837641246.01787,-7.504430461655079,-0.4832611996384389,0.9704334235959552,0.022400241113363088,149.03047338347932,0.21832624786214977,1161.8251605223963,0.32370233584756986,,
39.0,3.124923388078333,0.0,7851676.186940599,39.0,45938.02427172366,876242689666.1957,24895990583.663242,-5.061466686732091,-0.3853384448412814,0.20198398713225635,0.005065996331653247,152.2214250029423,0.21422612383849574,1167.1287811508828,0.3239523722654073,,
40.0,3.5959522983733043,0.0,2100849.613512341,40.0,46531.140860530526,880330191985.1965,21890019531.577713,-1.8092758442196226,-0.12132952964215646,2.679390649313408,0.06369218417658823,159.49230334145798,0.2100013653159533,1173.4611990211224,0.3244284413810112,,
41.0,3.4432422933149978,0.0,2123718.058101091,41.0,47387.212167697246,897536090320.9355,33756128241.98571,3.074232050190068,0.20564916967680186,5.980945943386565,0.13470120462063626,178.6702351602772,0.21952048847903377,1180.8664586953978,0.3261497302535506,,
42.0,3.3756896429489616,0.0,3661954.656212601,42.0,47816.07767640849,904551946917.3206,18904585811.03402,6.729927548858053,0.40522369006005116,2.5625554310365044,0.051489633125675276,194.6839979945346,0.22620333898259384,1181.0674382914945,0.3256899153508035,,
43.0,3.431430923624761,0.0,13242431.646892909,43.0,46319.65108805251,876192941903.0961,25895349604.886154,9.938467336128479,0.5330627825682572,5.953296398037637,0.11350366610258222,208.57320363329615,0.23069639116753837,1180.641416254922,0.32527283082825564,,
44.0,3.267678495740912,0.0,4042460.9259312865,44.0,47191.86838983951,892648631305.5416,23753871435.216618,12.525025099368452,0.6977103175684184,12.179583855674741,0.20929267810271263,224.89404931112298,0.2373550251772424,1179.546537192249,0.3247669127299931,,
45.0,3.321412091347887,0.0,6050711.085877487,45.0,46506.99464767938,874314106559.5542,26348739119.378136,14.44613561200042,0.744666403926912,9.537378995527696,0.1437801169457523,240.80963359308237,0.24300787533004348,1179.6781025002265,0.32423360214390334,,
46.0,3.331053366512541,0.0,5780728.4915736485,46.0,47725.14804631933,902655839568.4547,29538983233.48695,14.2400642362895,0.6859393214509868,10.053956827334098,0.14034016064526378,257.0522573431868,0.24665121188647432,1177.8987525854193,0.3226115885428621,,
47.0,3.387506693367721,0.0,4898836.2838676,47.0,50774.067814743,960280703699.8921,22793878136.833546,13.021093332760316,0.5950975845991221,22.21455468864914,0.2642288989617335,277.2464326939388,0.2533319587018652,1180.6154961525347,0.3225362241848046,,
48.0,3.395215935671031,0.0,13962532.3963108,48.0,50852.860259540656,961723851972.3851,19632044502.131416,9.017189880227418,0.43252247981469844,35.00915564609378,0.3674260509679415,286.68950640649274,0.255407768398423,1178.73459317771,0.32127792511501724,,
49.0,3.393888686653576,0.0,8067898.995323062,49.0,50663.48710213215,958099737762.7762,17235296605.82555,3.114031642447903,0.14669847073766726,43.0486761647849,0.4327339718442234,284.11361589125937,0.24855811220670318,1170.7806971034815,0.3184485034632547,,
50.0,3.4122326492265227,0.0,3315865.0546889403,50.0,50888.72103678683,962312381228.0947,22535489970.197155,-0.03701784110927215,-0.0018522979360077402,45.76580971663003,0.45880899923732266,277.2945767572799,0.2386159075176754,1160.8118288167955,0.3142838661265842,,
51.0,3.420124859979638,0.0,4725832.329945611,51.0,50900.61494951601,960809259355.0854,26419703744.656948,-0.9795971111299511,-0.05244633509275653,50.20794303877518,0.48578641601652317,268.7719211343612,0.22745661759369215,1158.429129019596,0.3122799723438581,,
52.0,3.4076149241738736,0.0,7682014.362543936,52.0,48755.89564404483,921888029984.8673,21887790445.928295,-2.9986499955042967,-0.19136571251290652,72.07401454837334,0.5430275394238867,251.4675768651615,0.2082810391657502,1147.8404830602508,0.30850943915671425,,
53.0,3.4971253769306156,0.0,4569166.056696077,53.0,49145.21725849885,929203956014.2224,25764127608.31085,-7.871563952116743,-0.40915524018639277,107.63776147747848,0.5550305180249564,229.4461507723357,0.18560167150554785,1133.9986021354928,0.30360967202168193,,
54.0,3.5864663091658433,0.0,5583005.692346932,54.0,47117.008204210455,890808857615.3627,29356191956.181854,-6.0782483030207555,-0.2774191103519675,134.8393420548854,0.5455341319993243,201.03090306710334,0.1593506726702489,1128.1864715519102,0.30147104917838285,,
55.0,3.4714039147523224,0.0,4846957.300604989,55.0,46807.04861642627,884905649263.6449,23002876885.701263,-0.3153279873580478,-0.01232280248446676,145.5426734360094,0.5071765266426495,169.16307021970297,0.13108657411111485,1125.5943571520663,0.3006644924387795,,
56.0,3.506031409272519,0.0,3410743.1060973005,56.0,46970.057050727024,887944269264.0427,23305069269.64378,-2.0180011070142245,-0.07024849717813265,151.38270766398196,0.4617890074161759,136.49443832388016,0.10323431898866615,1122.4334328521306,0.2993229241682413,,
57.0,3.7045315127004996,0.0,3796027.123857565,57.0,46328.6963654447,875783175210.4042,30617760444.44956,-1.3130619373716685,-0.04294350860450117,154.72060658678308,0.4305320557471238,105.001010776127,0.07761086942974946,1125.5878689216454,0.29960247194309103,,
58.0,3.6473998351753782,0.0,5405487.258731474,58.0,47694.530502251764,901558072618.6224,24699414443.565502,13.739690803398105,0.35701941053491254,157.29589465306134,0.42360990177455304,80.98034786706188,0.05897209539955323,1128.524193788478,0.3003295822495871,,
59.0,3.849810397458635,0.0,5622063.590090281,59.0,48936.86258244155,925006387197.2257,33782603071.208714,29.74570497222943,0.5587297651641241,155.43184485719647,0.407854793159291,58.47355685451781,0.042069193617542855,1127.3578422354462,0.2995591407016694,,
60.0,4.023588932747507,0.0,5653257.485634092,60.0,48410.564656309325,915015634616.989,30152105689.95273,38.560009671251876,0.6179177482289223,148.4970313920822,0.3573396107519792,26.625672625086445,0.018902754377771117,1116.2933192110645,0.29639497812719606,,
61.0,4.1545608479535305,0.0,3487738.3265491356,61.0,46696.30469946678,882570058436.5184,29628245402.124134,42.859095823433535,0.6452560645676207,148.64597766881104,0.3421998894502921,-3.874750816674555,-0.002719419208455185,1115.363547814928,0.29673711045780404,,
62.0,3.6156567145878635,0.0,4888372.644115219,62.0,50051.078348674855,945932497231.4797,19871029748.355583,54.375315156596734,0.7495520548651061,152.16938729386973,0.3370727243373705,-21.7539161968093,-0.015246335485240894,1118.377329591029,0.2990837932155559,,
63.0,4.369706232916246,0.0,2326504.559078397,63.0,49242.302324071476,930603779263.9766,24619129766.774235,76.05918548646417,0.7023845610620078,149.15719310959264,0.3199920421925184,-49.05813769005148,-0.03390834467054235,1108.9136107806783,0.2965228085181376,,
64.0,4.586868667310069,0.0,2291201.9747501826,64.0,47303.56415217411,893919955029.865,29611257204.740986,107.98320272117219,0.6575965727856675,141.90746585763287,0.2943151775129229,-74.53563181563369,-0.05187537120102265,1098.8936967144564,0.2962037497285169,,
65.0,4.540699979267471,0.0,4732470.976917292,65.0,47885.871989417064,904878061656.8508,27269362515.246876,139.74809867135812,0.6750828714432733,146.69255284619436,0.2971972918813049,-95.8280142267219,-0.06759249295585931,1102.270058279295,0.30084586536985447,,
66.0,4.7854638902489555,0.0,5229857.507316024,66.0,50530.4580645934,954800139986.473,26590164539.05959,149.7287808449648,0.640232886918477,148.84174251727262,0.3012283946459274,-121.8530327111776,-0.0865377768446364,1105.0107979927375,0.30466309277935927,,
67.0,5.198800199505779,0.0,8860793.822443848,67.0,50647.66340635755,956961313925.818,30083305919.5604,142.18924630809315,0.5663833966869902,137.61229846892033,0.28894110636303444,-151.87903307346213,-0.11095113689816362,1103.7718408078567,0.30934697304451714,,
68.0,4.667720102617135,0.0,11264752.0201928,68.0,50461.57683653979,953396710269.5476,36126018721.826546,128.72864082091672,0.5261232639592894,118.91280912542615,0.26664275701336443,-184.42016667792117,-0.14405212372634807,1091.9253696429707,0.315036686399673,,
69.0,4.615004356726034,0.0,19055910.054428488,69.0,49268.46989053938,932015145132.0604,32826574574.44167,117.36125013072434,0.5016315074288188,111.48632235570085,0.25902844244154005,-215.13922639452394,-0.1743060282704218,1084.4341130339938,0.318406466425252,,
70.0,5.45107465310804,0.0,17476029.862842526,70.0,49161.99070957517,930097457941.656,55941408415.03649,109.62901729945716,0.49767211584362714,112.98319412326258,0.26795828468933447,-238.33509855229283,-0.20080330057247708,1075.6599976412272,0.3208184732892855,,
71.0,4.615984666541188,0.0,14047068.39748049,71.0,53785.96717237922,1016040747069.7008,39527112725.92275,97.30949124217705,0.5504733127925623,122.47237181243395,0.3674209664195821,-263.6126057048817,-0.25508382370688143,1069.127649262171,0.3336165930665094,,
72.0,4.599700473204202,0.0,18745040.83105735,72.0,56508.26805402271,1067406204922.5636,36296342256.75686,73.57331312493339,0.5109667135419611,112.89038026748038,0.4013018798861267,-300.3901573399639,-0.312725955112069,1038.8874888978617,0.33054555858616347,,
73.0,4.179126841084646,0.0,22774868.871291418,73.0,57169.37199381056,1079838995016.5873,49383073891.00049,36.66006186427452,0.40333428856492826,90.28245861521678,0.4606332790682131,-351.2669462453483,-0.3970927959595829,1000.4443240807415,0.324836068871783,,
74.0,3.415720312598195,0.0,6551913.306512112,74.0,57011.28047424234,1076804436724.3245,35723038603.83064,8.239602751686482,0.23611331067267918,76.15112099641156,0.6150274571880594,-392.8368635673388,-0.4642503529810725,969.2480768085218,0.31737717318024183,,
75.0,3.2000131892630197,0.0,5155532.0591024775,75.0,57848.77353712989,1092574224475.6908,30985196646.76598,-3.9505355657345613,-0.16961273700662957,82.22949896186572,0.6572184629765931,-417.79427059196144,-0.48855641571611386,964.3220702759129,0.3146529326461842,,
76.0,3.1152437078766924,0.0,2627915.562759423,76.0,57237.66113709043,1080980050980.763,27659464986.73885,-6.708155924801801,-0.32150761248285326,92.91156653558062,0.684306270833781,-432.39957914585375,-0.5005755843188628,965.7654037310652,0.3125101568604104,,
77.0,3.0055198899285767,0.0,2308819.550292474,77.0,54533.40388242691,1030781591912.8181,28256851067.70268,-7.191926006882116,-0.34765323516334035,110.89569715331383,0.7204407992714329,-445.8777435128316,-0.5093890296025027,969.2121403117343,0.31148277561619453,,
78.0,2.8828981872747153,0.0,1743746.6550361963,78.0,53827.792865034724,1016487054819.7161,41325811946.27098,-5.943905380742891,-0.28153805276428995,123.53168694179482,0.7474863962380284,-454.46035922425796,-0.5125152948788103,995.9157100468602,0.316701693970971,,
79.0,2.8715702629973756,0.0,2974415.340094078,79.0,58897.84698299794,1112182356756.767,33721097081.419792,-6.773330759540893,-0.33865743765521567,126.16621352938716,0.7584073575479199,-461.64078516691404,-0.5133618151576139,1030.159791795188,0.3216281800412329,,
80.0,3.0826489968115576,0.0,3991146.9374480234,80.0,57198.18384629529,1080039673037.4923,31695369987.85105,1.5493006348705503,0.09307934716870404,126.86145421744963,0.7629870213082786,-468.64749746796826,-0.51627979393352,1071.0725995838834,0.33017296926928036,,
81.0,3.014255637817513,0.0,2025311.1996753549,81.0,57748.79317378856,1090380950871.23,36421192856.53637,7.196312277885068,0.31555249980721845,120.13491783123165,0.7057433772236676,-475.0401664256817,-0.5196920888780843,1113.9629932932519,0.337257375902803,,
82.0,3.045065793461773,0.0,2580944.4614640945,82.0,56386.856853152145,1064619437494.1869,34001467918.52828,24.678299675160925,0.5675570979809077,106.45523731893608,0.5795810299594395,-476.2922011758744,-0.5174044706292509,1152.1652771584397,0.34327634633314885,,
83.0,2.943036007796774,0.0,2047888.6991484356,83.0,59139.779279527174,1120610791475.7502,25743426946.961926,39.79237264435193,0.6701009157018442,84.98864480530628,0.4064840974164456,-476.84363733854826,-0.5127338914480997,1182.0338504647814,0.34789055836207655,,
84.0,3.086511020154861,0.0,2078127.51478112,84.0,60082.91166841709,1134300362589.2896,29676550711.713173,56.35819547875611,0.8014154189825995,60.847439613621646,0.24236474539813258,-473.4823503897067,-0.5059183662851423,1217.3311353589909,0.35456698009386484,,
85.0,3.0892674241804383,0.0,2025536.9321971314,85.0,58459.25551667463,1103594176399.3167,37851259606.14217,69.20666682157535,0.8461329312440303,25.970599573188096,0.08600851101874205,-475.30522662831856,-0.5053340779886286,1234.0185601315789,0.35659589248972057,,
86.0,3.0653064863057895,0.0,2840976.583898364,86.0,56987.32233855049,1075758915731.0365,41828523861.71753,83.11653728955787,0.8769701449427094,-9.643277877102443,-0.027732133954531103,-470.0910752376164,-0.4968095902032109,1253.5463292463476,0.3607161107329535,,
87.0,2.942624588043457,0.0,3212496.94069254,87.0,60603.65586738653,1138136620641.4888,39200729529.48786,97.48851437475341,0.9025877537526368,-43.19571342760058,-0.1117954310908822,-457.3909269235133,-0.47540792141756855,1276.0786836360355,0.3648320589446907,,
88.0,3.136779373392806,0.0,3807847.6505863015,88.0,60448.56251258625,1141910823555.9597,48978396010.968155,120.71152884880439,0.9764071413001345,-67.07969209282155,-0.1623825898739945,-437.6403791157808,-0.4475351504245727,1302.2767891688839,0.3710533422809809,,
89.0,3.1931777111691986,0.0,3032970.2940848214,89.0,63933.835442599324,1206711952537.9358,32107212452.298412,129.4066147168183,0.986065785635897,-93.54588416129228,-0.21400802177144113,-427.40214415767934,-0.4307772008846072,1324.7872644580357,0.3756728227569993,,
90.0,3.386579657726535,0.0,2887208.4855052335,90.0,65648.97779110243,1239021452560.904,26088449436.717113,122.81203670558175,0.9613918040388204,-130.18724006705813,-0.2825328812270873,-424.0124725587231,-0.42624993215377477,1331.1710355114092,0.37762553944508304,,
91.0,3.3728436697097157,0.0,2428569.406004598,91.0,64660.33535267343,1220299721850.586,29677693457.31651,101.69857364719275,0.8762263417039228,-176.5640400335652,-0.37510145726909017,-430.07927103465323,-0.4349563188856779,1325.873298134549,0.3777941096352103,,
92.0,3.341877644500416,0.0,2524249.842285374,92.0,64432.04794734522,1215930166022.9006,36872626217.741356,80.81785068868463,0.7579001669510291,-213.87535876030742,-0.4507337113095669,-434.6313047935101,-0.4418217007469417,1321.4722582161785,0.3780467805015015,,
93.0,3.3483134418829468,0.0,2616728.957903279,93.0,65005.64515956679,1228606858156.6921,35457583783.213585,52.83284056799381,0.48950300333326696,-251.67804492531008,-0.52306390654942,-441.8679146408177,-0.45154194677027604,1317.9736012445994,0.3784203483771628,,
94.0,3.367081797461167,0.0,3785859.397918857,94.0,65061.05440696283,1221681091090.6301,48648563669.37678,17.077126560581156,0.14343399968985268,-287.250097271082,-0.5948412955824104,-448.8526476703647,-0.464516690327716,1304.740612661166,0.37690886120067435,,
95.0,3.3248189880514323,0.0,4775059.743578892,95.0,67145.37493537061,1268116896159.246,41207912437.79217,-25.332594913978646,-0.17535946080392786,-327.1002688242766,-0.6716709536732945,-450.2162398281385,-0.4701795314776456,1290.04811333078,0.3755075098655383,,
96.0,3.4089034112960555,0.0,4606416.1100363685,96.0,67617.0155448617,1278797895528.3608,105426313891.40913,-73.64912288719435,-0.4257260834157241,-368.85133322703035,-0.7505947219977063,-454.19554703593775,-0.48085884244068344,1276.2836253333876,0.3749463386117549,,
97.0,3.328691298510549,0.0,5492477.704876166,97.0,63153.230193019495,1191631271447.797,24877902989.784378,-127.73090103729841,-0.6730522955516036,-406.91091107875184,-0.8383761026282857,-472.8463605470296,-0.5130864819332648,1258.838570850016,0.37349017248837924,,
98.0,3.0426925368700615,0.0,3582110.047999966,98.0,61661.35866372036,1162489871875.4807,31423601393.173405,-172.67130575013832,-0.8259961940435068,-436.10051743832014,-0.895750016817877,-485.192577136543,-0.535408276977552,1249.17296503089,0.3725989037112022,,
99.0,2.920399441219404,0.0,2367188.987049898,99.0,61247.38494217787,1154530569293.3604,31182137447.967434,-200.0192363817496,-0.8859405058282431,-456.20416612099837,-0.9208514249583551,-484.39524103581016,-0.5414744136312402,1255.1963418296666,0.37535449173506363,,
100.0,2.8874659895226507,0.0,6398053.179196537,100.0,61601.74357204975,1157101738112.7314,33152275947.43255,-218.8580377438714,-0.917803502806798,-469.8638655929427,-0.9355468740293897,-479.92226318354324,-0.5433469128624953,1267.7957961866248,0.37991431989130486,,
101.0,2.692540021696631,0.0,5369864.849529659,101.0,63130.94235171542,1187048124213.9268,36561444796.93016,-243.12584562040473,-0.9540483207523162,-482.17658380046765,-0.9481643367513044,-474.4805476600073,-0.5449270939218904,1281.1866508396045,0.38485809781906744,,
102.0,2.5276848163522465,0.0,5615273.605374398,102.0,63247.20896127831,1186951581189.4705,37335066460.155334,-258.3409776773404,-0.9779871165773493,-479.7837196567519,-0.9554343615553813,-459.0955844214426,-0.539243912392704,1308.3930696496343,0.39376962941804133,,
103.0,2.2851062322088636,0.0,4114801.519147182,103.0,61121.83120106507,1152831210803.7048,35834742028.38199,-259.0716309212618,-0.9889848081721264,-473.0753355402054,-0.957096857533214,-434.0808360146019,-0.523181920375603,1352.270916783936,0.40721884222655774,,
104.0,2.135497434197149,0.0,1890660.1579901667,104.0,61471.86846276259,1159841954948.4832,32494948460.791386,-256.16728906017556,-0.9866839448277775,-459.0284245795566,-0.9550322517149591,-404.02442831232946,-0.4991143359024653,1408.7437152305552,0.42375196204978394,,
105.0,2.136337963063471,0.0,2150229.2034762483,105.0,61837.257002978935,1166423768409.5984,31810216329.529858,-244.01403002269473,-0.9848489812083316,-441.414667375655,-0.9558212391968978,-366.95359848206823,-0.46951491426140535,1469.9560023025804,0.4426974646164572,,
106.0,2.196984550433164,0.0,3159340.451869741,106.0,62283.19805587354,1178047465292.3657,38648967244.95182,-234.34045365761628,-0.9822489632948234,-417.51130980575186,-0.9533436067935246,-328.49890271126316,-0.43632907990429837,1536.3897823127281,0.46280501518044054,,
107.0,2.2601407748732694,0.0,2548823.683688554,107.0,60767.55585206728,1145912030969.1882,52318597556.794624,-228.16710542467635,-0.9642325112209633,-396.15814770217554,-0.9483796388823736,-293.59600866769466,-0.40547845807405836,1592.7554967908452,0.4811562511553743,,
108.0,2.243837496051691,0.0,2177173.2291312884,108.0,58641.00147419492,1105754837660.925,43976252157.068634,-219.11969013712587,-0.9483385710876662,-378.1448124382585,-0.9428936344520465,-264.36607652022013,-0.3778442197208382,1639.9919120699053,0.4964256599242016,,
109.0,2.171751639840603,0.0,2934654.5767846596,109.0,60604.18888794746,1143497865064.6724,33233702858.09473,-213.1480185602095,-0.9575069870483739,-364.68249716423526,-0.9394859376935544,-240.22318644132696,-0.35374693333030555,1682.1976516974314,0.5097674722082569,,
110.0,2.329819978619343,0.0,1965519.4453343335,110.0,63228.21382584213,1192131994832.5864,30852852368.02752,-203.20488934835848,-0.9751770041254809,-346.7761387009724,-0.9376463044243861,-214.9033688674888,-0.32873616062959143,1727.9496903284105,0.5258641094193627,,
111.0,2.426735705137686,0.0,2871298.744686916,111.0,61173.1663907232,1153315262663.0586,29982535557.40278,-191.60125191218472,-0.9764565062144498,-322.51943794019604,-0.9233678684302873,-185.772263030783,-0.2984416760071117,1769.6791829182775,0.5415185300817473,,
112.0,2.3883790471141926,0.0,2142482.503203804,112.0,61572.14043422243,1161166467847.4336,28505039147.788773,-187.48337435147562,-0.9784791435068818,-302.36889768519535,-0.898790943442252,-164.1557900458904,-0.27431382235357304,1799.2285816824983,0.55308659950299,,
113.0,2.445602562763593,0.0,2171774.0068256846,113.0,61029.27093182092,1151508584004.7793,40766460604.96904,-175.2728341634481,-0.9792114280159354,-278.62830653890404,-0.8635534262284977,-140.67197344772063,-0.24578771608403122,1829.6754069580356,0.5650855445843,,
114.0,2.4231662591941667,0.0,2256846.685385088,114.0,62541.08693293518,1178926819140.8179,48709960685.53348,-168.74811170854233,-0.9711983184910734,-257.03925271644005,-0.8255317169420908,-120.03734295186818,-0.21878683520422829,1861.2595954032006,0.5765528291808106,,
115.0,2.503444049448458,0.0,2892405.2244378123,115.0,66237.51755029388,1250376460615.7495,40790757381.601654,-157.26075066925867,-0.9553716765601604,-232.78465955540233,-0.7869006820966333,-95.97361914351043,-0.18462549674591341,1896.0261426403872,0.5899773447210573,,
116.0,2.6373303363085014,0.0,3553775.002414072,116.0,64517.64856042277,1217582580302.557,42550624869.2941,-146.212457035819,-0.9490125898495209,-199.39630000916608,-0.7341049431655381,-68.87984501410558,-0.1441949654313065,1930.0813586961656,0.6054930023165355,,
117.0,2.5915314087236876,0.0,3039649.9690399496,117.0,62017.972725178704,1173944883529.633,39610183787.235275,-138.3312997642984,-0.9537645432999698,-167.89959538113084,-0.6468232006742919,-49.976869384418855,-0.11275532075259345,1956.8864142038424,0.6167782201208094,,
118.0,2.5019354566045644,0.0,3853816.0027092975,118.0,61583.77443961336,1160650121141.9934,29625957541.677635,-132.7289360139936,-0.9520254948803817,-134.30740331243342,-0.5265674317529806,-33.49347035016694,-0.08053536142499401,1984.721393002802,0.6272251414331801,,
119.0,2.5405067660074763,0.0,3119931.5933144856,119.0,61165.63564211521,1153847028824.7434,35385452268.77726,-121.95988269900963,-0.9449706630570079,-100.77659540745451,-0.4091384547963615,-14.10942473277458,-0.036429988211057675,2014.4492028079885,0.6385840848226619,,
120.0,2.5639493233088464,0.0,2129688.939687007,120.0,61809.02394427028,1164782155730.3254,53653355008.40819,-113.6766693151639,-0.9448928129722882,-72.69417988316773,-0.3106269279423483,3.1512712868765207,0.00876238335691706,2042.440495423497,0.6490992045731749,,
121.0,2.5764575590624825,0.0,3740703.470503621,121.0,57452.43178503547,1082900149762.5826,35994603913.188385,-107.72540052090943,-0.9766880368414028,-43.99429351733765,-0.2026435318361205,21.54681454976608,0.06576290201715464,2068.820552012546,0.6598337047956564,,
122.0,2.4749398693960356,0.0,3641445.683971408,122.0,57487.985880422195,1083366079898.5513,41216945749.34656,-101.07669596078443,-0.9742902936333411,-21.350767186065966,-0.10048795915821065,32.73922445595861,0.10513257222501175,2085.7834415364578,0.6665046325162401,,
123.0,2.467249215119802,0.0,4468224.122899574,123.0,56335.035460511535,1061829863954.1321,40021384610.698265,-88.3651930662516,-0.9411482079105163,-0.31850978025270277,-0.001568069021124274,47.39331319347086,0.1618980791464378,2101.5182207832727,0.6735181501342195,,
124.0,2.4392506813401393,0.0,4364895.038250562,124.0,57572.510855596534,1084736227837.6608,41913482915.37917,-75.76717101952293,-0.8802155614358149,20.135336893385556,0.10299446337028018,59.43979214883048,0.21394532883508305,2116.5189615703403,0.6801745696453518,,
125.0,2.478010524043539,0.0,3145952.7364963666,125.0,54711.86959664297,1030788036761.6326,38579271671.06987,-59.638615363479765,-0.813366656246282,49.807529725688546,0.26093381021399575,74.64147172979862,0.2898363875273783,2132.00001638452,0.6883925267843338,,
126.0,2.4446905258042024,0.0,3294240.867783228,126.0,55125.460337680444,1038524699061.4408,31927344846.446766,-49.6138034072667,-0.7428585913112178,71.11559864549638,0.3726612014974749,84.58177961980269,0.3436927585602661,2140.482635400906,0.693014747024576,,
127.0,2.47839221813361,0.0,2217042.93318468,127.0,54010.93747374405,1016650501581.1074,33935485256.826164,-31.405257731666907,-0.5181233719521842,83.9270801191157,0.4593718692317747,95.7531203702193,0.4107995784725357,2150.3081536685154,0.6980041392883047,,
128.0,2.4373199412543323,0.0,3242586.885312226,128.0,53894.59599452107,1015246512238.866,36549815857.28183,-8.87447307999824,-0.1380528165106982,92.79946902950974,0.5301188731267632,105.21034793460849,0.47115048324861925,2160.091289353262,0.7026200517241321,,
129.0,2.4464127495146935,0.0,4436965.612664877,129.0,55415.00574202895,1044675252844.3663,48462388015.80152,17.227075291592236,0.24332164470670584,103.41175766049079,0.6206564110641006,116.4471469758268,0.5412082640773811,2169.919910349322,0.7064670693607623,,
130.0,2.507419566355724,0.0,5164912.115360461,130.0,51668.99422435564,973040988102.9114,35480330025.02791,42.79465394515937,0.6124698173209524,115.58668850187452,0.7521261775922367,130.8582252574154,0.6424599028280705,2188.4637628838714,0.7129323344078329,,
131.0,2.4695676529949337,0.0,3383569.334153273,131.0,49260.232321130694,927812140868.0522,32691763060.319107,58.22400614484351,0.7791207227090823,120.69453659690578,0.8041119308750109,137.86733444381656,0.6888855986450816,2203.418937979828,0.7167838014172542,,
132.0,2.4205499077998316,0.0,3736894.9126452166,132.0,48282.97113857447,910331395887.4816,26034594561.963406,70.89122981638202,0.8597210691836875,123.65185407336773,0.8312928030090446,140.31823718201846,0.710204396367432,2219.2291676142754,0.7202838575972124,,
133.0,2.419953523257018,0.0,2722665.303131705,133.0,47777.762019063,900582483713.1118,29742127387.956066,82.00470518938994,0.9134583538539403,127.7514461292523,0.8565254291310052,141.11534620085078,0.7251697523038487,2234.889733722625,0.7235710969031245,,
134.0,2.4140956596461485,0.0,2550849.2602052973,134.0,48181.87627260008,906929641888.8245,42089383189.81192,87.97263122764497,0.9406154924267233,130.30536169099872,0.8710244796819209,140.76178021803014,0.7358135501029555,2249.265261906268,0.7266849655047904,,
135.0,2.458388261385854,0.0,2485454.8776217313,135.0,43859.32614724109,827840965059.6127,30859918334.565014,95.65924577952914,0.9829552785743186,134.32222771943833,0.8957827207779884,141.96385626530162,0.7456481101874113,2260.4488201367326,0.7297282117462153,,
136.0,2.2853495376240573,0.0,4021998.843808736,136.0,41587.66786232295,782626384092.2843,30068690311.96594,102.99137269903562,0.970212484742462,131.94889464925066,0.8943109409869596,137.24078597147127,0.7391087946534199,2269.8302019694447,0.73087433061349,,
137.0,2.1873111556738976,0.0,2112531.3780482006,137.0,41010.37519836549,775534111089.4891,29691944223.292786,100.68389426232882,0.9700960425107372,120.59920482821799,0.8860990446861469,125.26617003169106,0.7218753681450181,2282.9256235106272,0.7325992493373604,,
138.0,2.1853188895268176,0.0,2719154.203826216,138.0,42247.355729006355,794889951096.439,30483144439.45263,85.50554741755553,0.9322961342513117,106.19461050273915,0.8777850535261161,109.78493152894025,0.6962223850640418,2288.2453235604517,0.7335542803955811,,
139.0,2.2540579034851165,0.0,2601742.435611658,139.0,43336.861233242744,825341135635.7169,30462815705.283737,71.61618173795465,0.8913807453397846,93.63307355506008,0.8625616867936804,98.37148216949957,0.6637305753550042,2291.9270507376127,0.7351381219015174,,
140.0,2.2827813026150863,0.0,2826854.1866676672,140.0,42856.855164224515,808279417023.3408,30898116660.05655,62.42926822849465,0.8677562356208715,78.92186362417635,0.7554065637631124,91.30765814326199,0.6459965587266425,2297.643097544115,0.7366163909874284,,
141.0,2.301717084524587,0.0,2311446.644036598,141.0,42752.1681545072,809772498812.6799,42973070342.650276,51.855581498302755,0.8255962241757697,67.74296797030522,0.7011908974932114,84.38116058736944,0.6173711450723481,2299.521306414436,0.7373512317268747,,
142.0,2.2755534680739404,0.0,4671675.205378511,142.0,44980.898214810935,846615719473.8734,33594750549.99859,40.96860782218731,0.7639811960758365,56.60015598731239,0.6530604252136413,81.28944881365196,0.5923063274830027,2295.840711290175,0.7373346735190788,,
143.0,2.4295765162178036,0.0,2321442.437964148,143.0,43587.22305058473,820460824050.9529,36624234960.05299,35.605170787368856,0.7363216258170878,49.51789626778722,0.6150499488374214,84.73500495087904,0.5916961566088481,2293.1558570789553,0.7386089786490138,,
144.0,2.372841218825678,0.0,3125095.4889681526,144.0,40386.62363528928,760802031650.6051,45940419565.082825,31.84893821634383,0.7165151338455763,41.56520744741471,0.5655496363007242,91.41129891651188,0.5945479459594396,2286.677902446109,0.7381439880172157,,
145.0,2.251608062668992,0.0,3255980.336009534,145.0,42932.94659595412,805826302811.3501,41220025453.5186,20.85921660183041,0.7357609375336909,27.142351860351717,0.4793127956273361,92.83111643900745,0.59488082735081,2273.0816519559103,0.7371630438209649,,
146.0,2.353806504218772,0.0,4456039.583916551,146.0,47371.03933236471,891560241243.0585,26163167368.59442,13.592825666675223,0.698578254212521,16.46436879480203,0.3600627711414811,94.52870836447106,0.598595814733242,2262.249112957371,0.7374193671343706,,
147.0,2.545782387118456,0.0,2999184.4820054825,147.0,48266.62707279063,907957032341.1344,27630476157.8273,16.61655679846806,0.747848730785553,15.958580083859045,0.37032852506853825,102.58452859549179,0.6381104718350052,2261.9239108200727,0.7396459684790517,,
148.0,2.609577166910592,0.0,3600649.430061989,148.0,47228.65821623257,892585184977.8329,27731209179.052345,18.92526271871002,0.8254548125708929,15.598589348055912,0.37144291800372314,111.46282619302495,0.6718384336386586,2262.6074125283567,0.740708994815035,,
149.0,2.6025322748570194,0.0,3019621.7564926157,149.0,47879.47343992101,900990520811.9348,31578783374.768665,20.0099281338406,0.8432916006574666,14.081650182037302,0.3436800508064814,121.5872230521642,0.6946840854328475,2262.491555439743,0.7414595337250077,,
150.0,2.5907821277447316,0.0,4176601.126374002,150.0,48186.53275704722,906727769791.0696,30037816650.128475,20.841038998344924,0.8798491581798706,13.209668877477121,0.3292352255589631,134.50843276521087,0.7254883137195668,2260.55071645745,0.7414489355165494,,
151.0,2.6130692093058796,0.0,3619786.9144721245,151.0,47135.43199562694,886524004596.6061,38645575965.52751,16.451333172114072,0.566319325957181,13.850778409305866,0.3554956195469639,151.59920284405723,0.7608551878331155,2261.2178804654727,0.742643762471752,,
152.0,2.5746480030409686,0.0,3483548.6667542933,152.0,45139.83396873267,848992511473.5618,40683028027.85497,14.982343713319477,0.4946037918134088,12.051089220649406,0.31640813776490434,169.96129328733593,0.784937974176873,2260.1288434519097,0.7432629683881594,,
153.0,2.446130266443245,0.0,3942866.164170919,153.0,46195.21830082935,869122611514.091,27585855039.22065,10.853415047450017,0.39592478523270724,8.398813667867502,0.24225517895736648,191.63757931706286,0.8035399694670757,2256.2777305813643,0.7433304746910904,,
154.0,2.554429170149211,0.0,2880407.4409523937,154.0,45196.488277558245,849828231595.6722,34160277726.441067,7.185165804433475,0.29860843600292925,4.435795881603412,0.13978315384016315,220.75043902812996,0.8342257791269508,2253.0088720194517,0.7442094073936547,,
155.0,2.5559647324188712,0.0,2194581.386048817,155.0,44802.60640249699,842222636395.4677,38051987740.157684,2.902225507505529,0.1410488170853208,0.18040283621200282,0.006359760919588252,253.0373470223028,0.8551047033136561,2249.8607532107676,0.7438824591100707,,
156.0,2.5588497178317855,0.0,3272546.061447915,156.0,46518.94118660236,876179332243.7437,38581092903.84418,-1.81517008986333,-0.10868531224981662,-4.430627474685864,-0.18183189957924056,290.86014554671505,0.8741112298730166,2250.877215049887,0.7444026622911197,,
157.0,2.657997442982484,0.0,2082053.3831534062,157.0,46085.02861578186,866885887154.3109,48151104381.084854,-3.4509417710871486,-0.24640897344673618,-6.809018664261439,-0.3095281681686058,334.0123424407596,0.8951715201106766,2267.893082918649,0.7465609617404279,,
158.0,2.6807285687999487,0.0,2732315.1777484994,158.0,46995.16417095979,881943904968.6511,64010507329.271904,-4.730483001324585,-0.3674030204373375,-8.568387983429856,-0.42548790443959317,384.1876196347948,0.9090755150470846,2286.966601070542,0.7475153429095677,,
159.0,2.684402670339395,0.0,4512751.787863867,159.0,52739.800166345514,992868819862.2306,37532574716.902405,-6.418302469049527,-0.5306497146353949,-8.012163747081452,-0.393233686959717,439.84735600067523,0.9227663759794444,2305.9051446817616,0.7485196697946511,,
160.0,2.9982679775449634,0.0,2977503.8045750596,160.0,51696.206431317885,971284117138.44,31765191430.17128,-2.4109452136444003,-0.2970941492951352,-1.0145445760683143,-0.05592058117520994,493.26169201810336,0.9468570961210017,2319.7558000045924,0.7492037039014076,,
161.0,2.959928366856224,0.0,2156248.493352085,161.0,50013.02994694588,940538655659.8085,36985805206.72937,-2.6777175945253386,-0.42244194613605324,1.1201595344034243,0.063468892747461,540.6954812654953,0.953944397108551,2327.164125401578,0.7494033026909028,,
162.0,2.912690746755067,0.0,1999225.197985487,162.0,49934.5282762881,937295558515.289,42934455726.28852,-1.7807697558192261,-0.306228033737595,2.1051295427135,0.12052525278527283,590.2212437730789,0.9590076548370623,2329.5033262541288,0.7483523518369992,,
163.0,2.899867756263263,0.0,2323037.501696071,163.0,49338.78465183332,927323146557.2119,39362789535.46043,-1.861636259768963,-0.3462452061684684,3.1590131096673266,0.18549878908535747,637.4612824050206,0.9637595784249238,2329.94552529513,0.747355746691536,,
164.0,2.8429132126280443,0.0,2437755.233804876,164.0,48823.05520964915,918058330851.4829,39060601275.21267,-1.3174555632033746,-0.2720900401531607,3.7598704534582237,0.22540033738818815,680.9817410804255,0.9673965939745393,2331.0646851451265,0.7469251265281954,,
165.0,2.8436929047360198,0.0,2150752.904401178,165.0,47335.42029920565,890014982634.8986,34868965959.24512,-1.8473393769178925,-0.3352745170358282,5.152815853409685,0.27613786705406146,721.6936427576309,0.9707139232784199,2329.5753211769525,0.7445549266275572,,
166.0,2.7342515904997398,0.0,2857855.4267627434,166.0,47124.25422469402,885729258052.6316,32326073271.91957,-2.6911402919148064,-0.46976908034290427,6.724330976410783,0.33430459640795157,761.337560380417,0.9727540916146561,,,,
167.0,2.7613528052117116,0.0,2704699.01972299,167.0,48907.27073106221,919515378468.8468,26244843557.507874,-3.7726507600768504,-0.7182702869540856,7.343444034979073,0.36014696889849457,794.1161430158555,0.9753124291180248,,,,
168.0,2.812731607924814,0.0,1925469.8499407542,168.0,48936.537254142204,920017911098.7555,28491785397.365837,-3.4823452936073327,-0.6952434745235498,8.970998566673785,0.4411718767297068,825.4248544556904,0.9782844185652652,,,,
169.0,2.8031555634253573,0.0,1988002.576192957,169.0,49083.10330586219,922969799298.9401,34607868773.39842,-2.640110031626563,-0.5355672479961896,11.704311494819663,0.516161021647949,856.6968462303307,0.9806130979197564,,,,
170.0,2.8276245791173538,0.0,1844793.6592547598,170.0,47229.070650876114,887832142450.1957,33774857002.92822,-0.3807936262136499,-0.05912234622903993,15.462206973217697,0.6222801929236071,889.5703851949991,0.9825018501850592,,,,
171.0,2.758808481643431,0.0,2210206.946770505,171.0,49002.70376627545,921328247353.5629,33517327123.555378,1.5860101867398892,0.18617725291271622,18.84005252026569,0.6584947758429787,921.6544438629121,0.9835672817081013,,,,
172.0,2.8566222593392894,0.0,2175274.6357027097,172.0,47940.6079149608,902489541307.5308,38387146174.87064,4.051414027073493,0.4388309622764913,27.199457171627394,0.767322668970787,951.6486671169516,0.9863032378636866,,,,
173.0,2.8039594337511624,0.0,2102875.4970389646,173.0,49518.57748790696,930729196214.2946,35800255386.41374,4.559730922296015,0.4813713874708513,37.02318197715548,0.8195864766297493,980.3470690094205,0.9868488188279083,,,,
174.0,2.8980574020276544,0.0,2896475.154216858,174.0,49250.54486971799,925630106451.4792,27110183703.24463,5.90838303249739,0.6658974305686017,52.106843661066954,0.8952377255163705,1007.9308979442619,0.989434575374489,,,,
175.0,2.9113209664510005,0.0,2314725.0380447814,175.0,48933.689151311635,920750216465.3846,42147725293.165855,6.481693124751752,0.7512869669813738,67.99717443489736,0.9288431098387122,1033.7113148725107,0.9902196259896965,,,,
176.0,2.9235639120558514,0.0,1952263.4089317773,176.0,49195.87860189616,923013359587.4719,36497089236.87114,7.768273238232219,0.7750523422702764,81.06252739016473,0.9471323188867719,1063.14208109009,0.9908167675577849,,,,
177.0,2.9560376633185728,0.0,2445688.367828828,177.0,46745.03462296988,867650725472.864,38434805722.952705,10.082407869585076,0.8590012681643601,90.75848834438817,0.957054263758308,1095.6221390425676,0.9916365452519796,,,,
178.0,2.847035492580099,0.0,1914966.5055355292,178.0,45015.46554608543,847143004614.999,34668999387.83819,11.181349017084344,0.8723096868505581,99.0519472879262,0.9588202504873647,1124.150484936027,0.99184364839712,,,,
179.0,2.785326599138938,0.0,2433321.4163045245,179.0,44534.454854219905,836777066605.9799,34488116651.18446,10.56485984470571,0.8726744150694802,108.55183373682824,0.9618779358808031,1145.785604056767,0.9919462980475483,,,,
180.0,2.725313254742191,0.0,2271759.7235551784,180.0,46031.75754362583,866391335029.3693,34221605780.00136,10.307910857243577,0.8293319984992383,119.23689600966999,0.9648414449747873,1168.2428377823296,0.991616285728866,,,,
181.0,2.838246685869317,0.0,2940756.5671793222,181.0,47025.00323011282,882888202377.7089,32863850458.005253,11.664329844288934,0.8646646565557098,134.42640499714648,0.9722468909246132,1194.7455074755242,0.9923719500772094,,,,
182.0,2.884906272577836,0.0,1707892.5909299755,182.0,47088.85313451467,886593539912.8141,33294851810.64847,14.954153221732964,0.8880692666486886,153.2949101786852,0.9769708244712748,1228.2368847302716,0.9921211180672825,,,,
183.0,2.9160589706005964,0.0,4249986.201171661,183.0,47717.27052766495,895084141168.7996,34320865037.164627,22.178807802191102,0.9197498538763329,178.27367924546436,0.9797718393713367,1254.5081976764372,0.9899333246355294,,,,
184.0,2.93784889256695,0.0,3565302.8945807028,184.0,44495.20979327958,836054770491.896,35838614930.04035,31.94585596049388,0.9454781803940239,210.29402050109857,0.9834089871418665,1273.2472741720774,0.9887572610521601,,,,
185.0,2.741697973023039,0.0,3784837.279401048,185.0,45652.06012506926,857660568377.3856,35679832771.371475,45.106688430739375,0.9657143547052326,245.3957184764395,0.9869883667017848,1284.346345513161,0.983792755157414,,,,
186.0,2.827832057959156,0.0,2732300.32242059,186.0,45639.51401890709,854344953098.7552,35669862361.54627,58.58170316657176,0.9772528881696609,285.56825422449447,0.9902054423938514,1300.1515375288743,0.9800598218664311,,,,
187.0,2.8337569474795257,0.0,2669708.0530563677,187.0,46311.00189857689,861862844505.6104,42726733997.85781,69.94643259510882,0.980530185490891,329.34537723728647,0.9915800089730851,1323.452884381962,0.9777214560301201,,,,
188.0,2.8530190774364796,0.0,2664077.9889656957,188.0,43753.217862646314,821704814136.0109,39633218478.615295,78.30514448410705,0.9794951759627747,380.59729860859375,0.9925771240701308,1340.6501347257577,0.9776919136943787,,,,
189.0,2.7074561029753594,0.0,2008547.260862628,189.0,44647.57760300116,838457486987.6113,42725276705.46515,84.70752576147999,0.98012304522232,435.10894738623574,0.9933085176597872,1343.9380181361205,0.9725604716675119,,,,
190.0,2.7708979875433797,0.0,2176502.533172772,190.0,42802.13717474142,803853127161.2805,40840608016.843094,92.7088331373969,0.9841225133771908,480.8758974990178,0.9943165514855729,1346.673710095126,0.9683791199770004,,,,
191.0,2.653776603981052,0.0,2345550.0314948093,191.0,40825.381940449704,768416417393.5968,38527930905.31518,101.98285367614419,0.985856783387833,524.0572886484312,0.9949677386002301,1347.8943339824048,0.966105771943201,,,,
192.0,2.6048564891437316,0.0,2700104.6022267323,192.0,39751.58457509862,747085951935.0547,27751046040.329308,111.27836185259258,0.9879904226578186,565.5319509467392,0.9955929104824578,1339.7252962768184,0.960458839735265,,,,
193.0,2.506571022246475,0.0,1912965.5573259972,193.0,38368.35401197897,720835141114.3336,28422901237.16951,120.83145912382572,0.9908768723578834,602.2441737219287,0.996232101744215,1329.201122311565,0.9565767344044966,,,,
194.0,2.397938905344007,0.0,2117139.0180248204,194.0,39278.766508103676,737440183775.5553,28057528866.262108,132.0752186168948,0.9916856533058394,631.1356496113284,0.9966693537520648,1312.093836634979,0.9506833948285013,,,,
195.0,2.467378966414759,0.0,1886695.3597548911,195.0,39914.82975848789,747403845431.8284,28555173661.663795,148.77853919095296,0.9917897921873964,656.0048781789752,0.9968687866235172,1296.2535922962757,0.9460041449605827,,,,
196.0,2.4984940364731885,0.0,1979983.484583901,196.0,41754.16660435275,784039345926.1898,28437941447.49927,172.101464324507,0.9925636518296208,683.2732208107481,0.9970296106685201,1280.5133339136994,0.9354023408807297,,,,
197.0,2.5269459266503778,0.0,2049910.010386412,197.0,41936.261478677225,786531956383.648,35530501782.520935,204.89217374969135,0.9954611560418855,707.4901945042228,0.9976413838397767,1273.6308954101337,0.9313424362151345,,,,
198.0,2.537972074633511,0.0,2488026.818096544,198.0,39977.75693922764,750407963580.4731,28717414113.01727,241.47477896644457,0.9972212266454059,729.5606176107214,0.9974899613990937,1265.7748377147354,0.9256983586253761,,,,
199.0,2.4423341091098827,0.0,2297107.338746262,199.0,40031.19824444798,751371299910.5153,41369107422.717026,282.6103247164712,0.9969596881865715,749.1912733602037,0.9972434831062991,1249.4750991958683,0.9152771922603272,,,,
200.0,2.351677638270601,0.0,3722223.7558950605,200.0,39076.59377063225,732311951673.3547,36401287454.43055,326.17996223380925,0.9969031437469817,768.2716213072653,0.9965869660454253,1228.9310824778483,0.8986641038217198,,,,
201.0,2.3813329425773815,0.0,1982037.654333578,201.0,37281.91809217662,701921012034.6644,53550491997.72306,358.11382234616013,0.997631728879249,783.9060194281608,0.9970088934962376,1212.5385527011852,0.888499412441614,,,,
202.0,2.304536202589076,0.0,4080923.3489203053,202.0,35456.124660766836,664681184168.7764,20929083220.53677,385.71653169147885,0.9978457497377458,793.7384630502653,0.9967645338032624,1185.5071973291965,0.8736384949954747,,,,
203.0,2.192892498080472,0.0,1640676.778689443,203.0,34213.59993217662,642012590040.6406,22120323672.367214,409.437079503466,0.9982464698404763,797.1083033602252,0.9963249221172475,1146.9957080606966,0.8519502571002383,,,,
204.0,2.1383173820581223,0.0,1690897.1678259657,204.0,33455.55127272261,627747173675.4332,22937379734.633812,423.89600918132396,0.9984020407083065,791.6162547977352,0.9962940550815076,1110.4295577690066,0.8394298711496562,,,,
205.0,2.057808188350611,0.0,1573293.32298956,205.0,32409.499767175417,607621607805.3499,19741588059.45234,430.8466195656282,0.9984041237059046,780.8543706864198,0.9957441327547105,1070.347538392129,0.8282996404882663,,,,
206.0,1.9887020288676704,0.0,1813727.8109935971,206.0,32383.78112696872,605357009416.7555,29070652059.995018,429.01832712105244,0.9983614810512146,767.8513080686888,0.9952919153750197,1023.5777516927985,0.8142641781333195,,,,
207.0,1.9865823632653075,0.0,2706673.1035583178,207.0,29971.903783612062,561743228116.5483,23000299061.896305,423.87427616857036,0.9983617485082839,754.8007779375466,0.9953372034218781,980.1705243724533,0.8044310938673134,,,,
208.0,1.8328815947171397,0.0,2928487.319949384,208.0,30928.211908849244,580252472382.7122,20095540828.295692,405.19804037973614,0.9991574510629636,731.3944773178022,0.9952417976601264,927.7223028068413,0.7909564693617077,,,,
209.0,1.9356818993153324,0.0,1994170.3848682868,209.0,31919.393922554555,597872278369.1111,17742105807.895496,379.1591959859656,0.9982454804376513,697.9260843090102,0.9958570586307477,869.2601158215803,0.7750458531186778,,,,
210.0,1.9981618302845954,0.0,891660.7944358885,210.0,31588.6713510167,592581931071.2119,17715455994.789402,361.02420899858294,0.997916757602634,673.9666011881576,0.9957222193793914,811.3093234353634,0.7500005018605764,,,,
211.0,1.9647275845013288,0.0,1378577.779249619,211.0,31399.653128682126,588495008675.5178,22671859962.66356,346.1971863349783,0.996088836460213,655.1701857444319,0.9957190703707538,764.3150803968899,0.7340424252674044,,,,
212.0,1.999301845886211,0.0,1997566.8809154367,212.0,31726.038833909817,595342431373.8641,21557729227.284348,329.6524303340142,0.9960211810169232,640.120770499906,0.9950066261258483,714.0657920606498,0.7185709711683382,,,,
213.0,2.00579685453423,0.0,2004076.2460402506,213.0,32878.50187357147,616691143979.958,21779069066.445965,312.3257484521622,0.9955626033047794,620.2059283810837,0.9913884659483367,661.18243951343,0.695980405626771,,,,
214.0,2.0840754148373377,0.0,2396791.7874001455,214.0,32676.38380096018,613002045101.37,19932531699.624603,298.04787236579153,0.9960419971828056,596.0254035451095,0.9902595831069192,612.4849304015331,0.6740651183109653,,,,
215.0,2.052947600599638,0.0,2262107.9167016265,215.0,33262.6543524462,623350567666.981,21683885320.611263,284.3899158097131,0.9960767548320875,567.8055186089396,0.9808019132806304,572.3780488918965,0.6582456695344203,,,,
216.0,2.149988418925524,0.0,1853478.5892551213,216.0,34299.938016517444,643335853171.1349,17798828844.27227,269.6826142001786,0.9972030119918391,545.5383081248674,0.974853554828268,534.4061153376038,0.6414398238800357,,,,
217.0,2.26027820756122,0.0,1325075.1409555338,217.0,33704.53847440508,632185737683.1548,20558304483.59407,265.2532873141573,0.9984959379399875,536.6801854010848,0.9726816633069553,511.51160024988235,0.6350283993177211,,,,
218.0,2.2438396518635964,0.0,1451049.8642499591,218.0,33971.297749757956,637000370375.4657,24282108111.21572,266.71493929326994,0.9984713042992687,524.1962788367405,0.9720787873099668,484.4141522153685,0.6217957641043578,,,,
219.0,2.262634637733697,0.0,1195152.8609405276,219.0,32933.578199292395,617861633771.9894,29065577052.29722,264.81352867406946,0.9975552472011591,498.9454834006091,0.9609025596815086,456.98591793096125,0.6099667478742746,,,,
220.0,2.198717140374792,0.0,1766382.9675011097,220.0,33932.25463831538,636246944189.2604,23692220470.135063,255.83442523555428,0.9979653929370842,472.5655318733442,0.950009596128922,421.2734397116445,0.5842435326859723,,,,
221.0,2.271846578311849,0.0,1324492.8945000262,221.0,34149.98981477412,640405812761.686,26106856611.92326,248.17440410615703,0.997401360923341,445.07994263975786,0.9449381312710337,389.5389965543747,0.5686501512949299,,,,
222.0,2.297048517341531,0.0,1282250.4556000216,222.0,33928.13421837147,636061920914.8282,25894820184.74507,247.1482543856457,0.9973706086611026,415.276086331494,0.929072514270564,354.88975466491553,0.5363627958322247,,,,
223.0,2.271993791042838,0.0,2110223.103111421,223.0,35394.213074080915,663571591568.1959,22727930417.748825,252.44954664314696,0.996309102840005,385.8772352792999,0.9158352793574852,323.970888123199,0.5046969138309895,,,,
224.0,2.346294599134322,0.0,1340863.032151039,224.0,34729.89077801021,650382046624.6503,22986053604.70427,252.48568276467256,0.990207674893729,356.26978235178393,0.8973982695973122,294.7142502827688,0.46524618975887244,,,,
225.0,2.286313545110291,0.0,1043939.3073160523,225.0,33950.786555181,633684390025.5607,25084046353.169456,246.01765242431804,0.9865817697808276,330.539451858662,0.8800247098914671,273.7635542655657,0.431046640842484,,,,
226.0,2.224724816918017,0.0,1162050.3509365786,226.0,33677.566235922626,629863895571.7473,29129630236.14075,228.97253766130314,0.966821521692326,298.43378021377407,0.8429717807402596,250.44112216702678,0.3853737303175746,,,,
227.0,2.223565769039467,0.0,1409002.028038523,227.0,35171.486304850056,660200427590.4775,31024153846.878517,214.6118063558914,0.9551364281693837,268.76724471195416,0.8251570839748038,223.7146244117792,0.34310448253271586,,,,
228.0,2.338323888838799,0.0,1158885.6218995468,228.0,35968.993667970346,674231340724.4149,35121257875.54662,210.48374846301908,0.9600309779513228,240.67630006663467,0.8070155626005493,221.0152364004831,0.33268081800914573,,,,
229.0,2.3664791487797503,0.0,2150916.6139544584,229.0,34556.8421269449,647741224116.9337,32453802891.01519,205.42939051369612,0.9652398764391693,212.2413288759298,0.7639612390491688,229.56782592950873,0.3210268361849794,,,,
230.0,2.273565595206046,0.0,1843709.2924693148,230.0,34607.293274083386,649262127990.3759,34335452117.32629,186.0030912110346,0.9470064469511794,179.92514070518908,0.6900026561068486,240.61903401210722,0.32195039848945683,,,,
231.0,2.264692521909802,0.0,3556956.6210225583,231.0,32023.973901774916,600235334320.8247,36873109419.90242,163.59253246389056,0.9426412881629529,152.21945022280775,0.6509054482703029,256.3903177995936,0.32426361962840816,,,,
232.0,2.435301449766989,0.0,1398357.2299764152,232.0,31943.136467863093,598703019611.4526,38635245431.3565,134.6116024738659,0.9448878656375697,110.56522277761022,0.5516515460171176,259.90235642202475,0.3166076851348868,,,,
233.0,2.525116121384221,0.0,1899835.1352770245,233.0,34675.44910530336,650340461975.8141,31862051544.349895,107.3959064025724,0.9039239689939957,70.76118962972384,0.38400455632837943,263.25394392604204,0.3133541142465895,,,,
234.0,2.7316960411381848,0.0,1917312.652083926,234.0,33702.61779371396,631634847766.2311,39798236962.44067,87.89970409998183,0.8700682059420993,47.47630409802833,0.2836993818229737,276.8044313585907,0.3200848501634154,,,,
235.0,2.622220859990705,0.0,1624959.6054744502,235.0,32507.738707026845,606580031922.7239,57443014757.92467,72.8541795525574,0.7936802860048173,31.39691135540778,0.19709417724623923,283.01358498143526,0.3205784536742915,,,,
236.0,2.487976768353767,0.0,3878747.573460532,236.0,31711.935467727006,598335733135.868,51873870276.52254,54.683757933973006,0.7115591895134521,8.994468388419156,0.06173580087835809,286.2450809836188,0.32496575236954645,,,,
237.0,2.498706158612925,0.0,3614685.3936020574,237.0,35787.07740523232,670634370556.6146,35609127163.62243,27.00688212684641,0.48585963012144046,-13.936982772221624,-0.11595114004106852,284.7505561458963,0.32429816371934045,,,,
238.0,2.878322843003276,0.0,2361833.337068088,238.0,35581.64226773201,666901325910.3705,28858979691.78587,11.285905168483328,0.3704641378526707,-32.330533310322345,-0.3445148921355051,289.4821020299675,0.32815070757347453,,,,
239.0,2.8637888233337954,0.0,1492042.9663678543,239.0,35881.11137137543,673761687974.4922,35162612172.75275,6.544345340094949,0.24334367295073991,-39.56895492830426,-0.4325280288584937,309.8799083100958,0.3462517132421614,,,,
240.0,2.850734326750097,0.0,1861517.2445188267,240.0,38193.619141943964,715652442155.1261,36330237284.41833,-4.489777761860171,-0.1686852758715377,-54.48848916074432,-0.5723431604862117,317.20213983174546,0.35326806046463954,,,,
241.0,3.0582558939236435,0.0,1749720.516424394,241.0,38321.454656574206,718016373177.285,36563438889.78541,-16.980397828411817,-0.6021376654521426,-59.52196493708305,-0.6423555075770304,323.6770745994287,0.3597565099536656,,,,
242.0,3.068681472623877,0.0,1866570.751207945,242.0,40378.20254971114,756522207420.3483,36706248352.237144,-15.90838172304052,-0.5340423414355182,-60.127553269428965,-0.6485421818025765,335.0888179192186,0.3717666620497669,,,,
243.0,3.1834912741662356,0.0,2032373.6815228648,243.0,40624.51305316154,761104314502.2867,45836408439.45157,-22.862465858542595,-0.6069688653989264,-65.77450907620603,-0.6580847074987134,345.90538862297365,0.3816510599580414,,,,
244.0,3.054892651149377,0.0,2807639.8227255344,244.0,39147.70567879997,733402631079.1185,38185633278.287155,-33.022909957387505,-0.6270113416981975,-68.47325662211722,-0.6650679642051984,350.08812478004046,0.3869586865478539,,,,
245.0,3.1257264174605326,0.0,1939934.0514200903,245.0,35666.14977877309,668148892256.3638,35710196743.32056,-37.04549533631559,-0.6674838109137569,-67.87066522540346,-0.6581872417816963,351.1796444236363,0.39135233254386886,,,,
246.0,2.9551083801936415,0.0,2189175.2947366633,246.0,37289.43252210222,698528023663.5321,36358044262.709755,-38.06433119706316,-0.6840437068803177,-62.83399776534717,-0.6098127217985067,355.43713009115527,0.4026173012126185,,,,
247.0,3.014191550580375,0.0,2516721.0235719318,247.0,36903.304906778896,691681868464.4717,42952476854.83458,-45.160969967643595,-0.790285786755708,-54.62910065602816,-0.4763320842408383,355.46950739142034,0.40711493321023373,,,,
248.0,3.218594101256844,0.0,1438155.7416780707,248.0,37553.64375851888,705292677171.4633,54511387836.11497,-44.12953437583719,-0.7677675133379979,-51.80006788864518,-0.44775916778419517,357.1278782596731,0.4131884350135259,,,,
249.0,3.2243320131844175,0.0,1492668.9411792217,249.0,33557.15068309184,629018966290.4011,46727462986.366455,-39.14247167255605,-0.7145974466392563,-43.29790790470312,-0.380238684510219,368.5292606174443,0.42824559368297843,,,,
250.0,3.0248044913104577,0.0,2288053.578439507,250.0,33451.38340714534,626527049947.8439,33345528753.340153,-33.49100442245874,-0.6607241032470937,-39.38602145893841,-0.3579771046396734,384.27854412710894,0.45406818401851995,,,,
251.0,3.264489150094748,0.0,1696102.4195268964,251.0,35834.4744744042,671131079523.7289,27689283070.836933,-43.115406919661474,-0.7810101772530438,-39.0935367186495,-0.36870156048473485,391.52944295436953,0.47045203788935874,,,,
252.0,3.4202058799132873,0.0,1081634.1937924323,252.0,35546.98596483364,662913486273.3402,34068172835.766655,-35.47558524082733,-0.696471475699762,-36.87897961401585,-0.3211519583723113,412.0201634545446,0.4941038388412534,,,,
253.0,3.1833067101851076,0.0,1126258.6188468533,253.0,36938.72031139185,691747462828.3618,39345490149.31464,-23.492836496580395,-0.6711733997780875,-25.916516577272436,-0.21602312432104484,447.7184654207787,0.5327218008849698,,,,
254.0,3.201706203099478,0.0,2121035.0697673294,254.0,39151.316183800314,733150718114.4554,33396718844.557133,-25.35110907425256,-0.6397525082161728,-24.099052688502734,-0.16563723778841002,481.58814674574813,0.559772608183515,,,,
255.0,3.2011249249238323,0.0,2511797.378018533,255.0,37685.71798174826,704531333543.3906,31240691604.199257,-27.01598842496763,-0.64814967421295,-15.729613440143725,-0.09100405938534745,513.5247153702169,0.5813494574301543,,,,
256.0,2.981646053313402,0.0,812098.1071552683,256.0,36680.06820180283,688726381047.1788,33536905027.710236,-22.181375679849626,-0.5741841433400757,-5.285321457083032,-0.02539907135480208,550.4507877844776,0.6066157685198793,,,,
257.0,3.045532229125511,0.0,1744755.782737934,257.0,37340.6792659422,699138611681.2975,37950798680.48171,-21.890132866279156,-0.5558399521973371,-1.655122023127682,-0.007254104280818344,572.1686386453271,0.6236314003355097,,,,
258.0,3.090161515203175,0.0,2366976.121099615,258.0,35714.75202018067,668664301773.5417,30650274657.695255,-11.012662177222479,-0.21259226618022597,24.687410911443955,0.09745353572154855,592.4480661484888,0.6391619330771592,,,,
259.0,3.2873411536612576,0.0,962913.7870625512,259.0,34775.07941347281,654239808356.6592,43184025044.772804,-5.686767620245971,-0.10965150063476939,58.23379441693855,0.2008544348305498,613.3133663165024,0.6584194820531514,,,,
260.0,3.0368872463015633,0.0,946576.0389543865,260.0,35710.220936529884,668521654364.6696,49991590067.73797,6.700803494180995,0.14538132147505742,103.27631176490137,0.332713180673455,638.2820437424314,0.6881456776799679,,,,
261.0,3.0823723459142567,0.0,1598541.73366171,261.0,38642.89555434217,723137484747.1467,40836817155.71973,3.155545649732824,0.06820058351529035,147.2454231471353,0.431893435647918,650.4408842866741,0.7033028550122866,,,,
262.0,3.3030079376280317,0.0,2287614.474031389,262.0,39406.934244116186,737668726732.3829,47026386118.47242,5.125634827738929,0.1145289359128901,185.95733486128083,0.5010064431627641,659.0973358946588,0.7133018604148236,,,,
263.0,3.2476490515886307,0.0,1883815.1053115753,263.0,38210.80521759389,715248689989.8947,48724794157.985054,6.033063603647601,0.11574576784828196,222.2774327936958,0.56733365382673,671.7036584873049,0.7248676188702826,,,,
264.0,3.0306799760013945,0.0,1848644.0567754623,264.0,38642.4422973396,723143072419.7241,71163197727.3351,9.533830087457277,0.15684935660075044,260.3449045021671,0.6355401463375764,687.8302668731095,0.7396426695121378,,,,
265.0,2.980888034576831,0.0,3052140.071588149,265.0,34977.527801962424,654558962027.5841,84358034875.51308,6.726117200585131,0.08792537863455416,278.44105469847824,0.6661869894715123,697.9280701343696,0.7473272876218128,,,,
266.0,2.6697099545956537,0.0,2797868.278220965,266.0,37520.31767547438,702143968883.5249,61178935273.653305,9.040053128140304,0.11019736170792013,297.37727377088254,0.7238652956615724,703.2175279922499,0.7603267485063719,,,,
267.0,2.917089680857414,0.0,1137760.2892968268,267.0,37339.63420134628,698762712553.7339,88706010988.29123,4.182809231301533,0.04706760813571548,309.9191412970988,0.7504596105498541,701.2355403225225,0.757915331938672,,,,
268.0,2.8805205787940973,0.0,2974728.5872269077,268.0,40437.73009625558,759679496751.2783,95001812130.50996,6.015411489680311,0.0714968013781096,329.26422865133947,0.7901340596442669,708.3758566819092,0.7639943645919834,,,,
269.0,3.1565912381470254,0.0,3398296.1421541413,269.0,37287.39140242737,697785056487.6051,141151477374.61298,28.84284714359105,0.29057099940387554,351.8394737797435,0.8128185814751184,714.8758633794705,0.7643244830802078,,,,
270.0,2.977525419974196,0.0,7361611.066320171,270.0,43091.04144756922,800545278567.6873,65037066859.11668,64.12881145341821,0.6125980955717781,368.494231993445,0.8698388801656277,728.4453992299765,0.7777158600652976,,,,
271.0,3.496958750333177,0.0,2486952.833069184,271.0,43780.82559782485,819256623328.7307,84054878923.85199,99.25444156388939,0.7245301002047766,379.2180206848118,0.8789225449631936,736.0802970454926,0.7780592964638706,,,,
272.0,3.5752612952696414,0.0,3861338.922733632,272.0,46585.06413538846,871695620615.745,70636455913.96016,148.64881752032383,0.843950664341161,395.47514958579717,0.9020033555019507,746.5057952986313,0.7872893574956015,,,,
273.0,3.787223000770714,0.0,2840132.3786993213,273.0,46780.902304688214,875321252276.1078,62896879696.14898,188.38101494197286,0.8929614148295698,407.8117357790745,0.9147099630285379,749.8069504571821,0.7891905731602704,,,,
274.0,3.892478927846148,0.0,1991708.6614246538,274.0,49913.26314398822,935962705739.4398,56820196964.51265,221.02537640794597,0.9363620462446784,411.6436568490557,0.9304484829780088,754.4340211944792,0.7973912683323688,,,,
275.0,4.137497383666413,0.0,2690598.53889368,275.0,49972.795398372444,934964766185.9642,104203551167.93765,249.05852951734317,0.9510868033015978,407.9555420167326,0.9367956379514717,749.8836755166451,0.8024070912588936,,,,
276.0,4.043516671372664,0.0,3004044.877049405,276.0,50004.76218313686,935512493150.826,75523928654.34041,261.5450004757116,0.9686463193932655,403.42978813790256,0.9501992489647878,742.3176525239863,0.8107078071012344,,,,
277.0,4.1092963226836385,0.0,2733744.964035271,277.0,56928.97235660158,1064993057463.8884,67726708140.565094,277.142262927731,0.9777788663908972,400.52212769159524,0.9613304403598579,735.2182698439491,0.8151925002309784,,,,
278.0,4.511858090079748,0.0,1909552.6258610652,278.0,55901.66759456145,1045714370754.1615,76672978747.69038,274.21906820843236,0.9770124123440024,376.7889419258246,0.9483033296509088,709.7152200821424,0.8092629763106606,,,,
279.0,4.325867310563355,0.0,2167695.5698122378,279.0,58213.926293744385,1088903483393.3053,67906284080.6139,265.343666614155,0.9729076665178676,351.20276356386546,0.9360958642013764,678.1193333872199,0.808313369721795,,,,
280.0,4.5324848689027455,0.0,1927709.7051390496,280.0,58771.881689509355,1099271802311.4957,66812167538.22713,255.26396550902317,0.9679393546031885,323.5846508201909,0.9231284237065294,648.7436658320203,0.8033089563143235,,,,
281.0,4.506965832271226,0.0,1097227.8296262915,281.0,57361.56904328887,1072831991777.4056,68154805947.0942,224.40435449604252,0.9632495642655536,287.35857537758386,0.9046861493365065,614.4157782608949,0.8053721663674954,,,,
282.0,4.330744843873568,0.0,1546922.873624733,282.0,56507.759439869595,1056801053574.5111,87510802710.77629,198.38632065126987,0.9602743614065499,262.68302981013017,0.8749754390879795,590.771689279961,0.8177434805434389,,,,
283.0,4.295469911071041,0.0,3005096.4413917074,283.0,57432.100227087576,1070969079353.5304,72158368257.54709,179.23078039574895,0.9570973439155303,255.22571112446056,0.8648170307299048,576.0122459192952,0.8302311809981758,,,,
284.0,4.268018240259436,0.0,2086988.7262899908,284.0,53464.37021950372,999775008412.3738,71296763919.13268,157.00066136436473,0.9536939850858598,252.26001948518586,0.8596520597566367,558.4517761575705,0.8411961171502305,,,,
285.0,3.873301732190569,0.0,2857134.8175912313,285.0,57200.30029871162,1069571255195.5189,54132470274.07509,139.92871935116264,0.9718019285902738,261.90804174418946,0.8934088794563484,551.1250333768355,0.8685194916091185,,,,
286.0,4.025956662694068,0.0,2892155.719036141,286.0,56600.74528738432,1057850321948.5465,39072664393.929405,119.61832137399048,0.9675857210813605,273.200175189278,0.895478198881485,546.1927974854816,0.8719200573859236,,,,
287.0,3.892299354868274,0.0,1255079.1322507367,287.0,57812.96915967891,1080897634123.2937,43967070045.82312,97.6934560721054,0.9580789035053116,273.48109972720914,0.9082463767670843,549.456012951078,0.8841155371411971,,,,
288.0,4.0013443077943,0.0,1537098.8857293187,288.0,57828.511814425874,1082721727348.0433,53879045974.4321,77.2733105299362,0.9464701181929147,270.6354308081991,0.9112607194379636,548.3281552757858,0.8832871370530255,,,,
289.0,3.901398494567132,0.0,1651582.0019109328,289.0,53596.70402266675,1001973605935.3958,46958036373.360306,53.79231528967228,0.8779386475195003,263.8645030781025,0.9204029888383457,539.7376421218968,0.8898356261133372,,,,
290.0,3.660108344201792,0.0,2384261.127608989,290.0,54810.6138506792,1024625833392.2412,48072930663.01449,46.837343023838734,0.851352270248857,266.5914147499417,0.9471764115770462,542.4595894739816,0.9002951277414322,,,,
291.0,3.6083813426406093,0.0,3144311.192668702,291.0,54991.81484262107,1027617870421.6592,48468560013.13787,43.62107169926854,0.840573763787896,267.24184475016244,0.9532617657490754,543.5687372452325,0.898325036352314,,,,
292.0,3.6628012419574696,0.0,2420657.34975235,292.0,53978.80554728962,1008389773189.793,60226926859.91649,40.53224331211052,0.8241602992631339,263.88096470601135,0.9567223046263635,539.7371482804857,0.893518992566519,,,,
293.0,3.5142756471101744,0.0,4396701.5554896705,293.0,48981.4413932161,915533819859.1393,46233432154.225266,43.25230897302847,0.8496354937919967,260.0237607881253,0.9606958839796271,533.3143411935372,0.8943208999741544,,,,
294.0,3.1571257867969256,0.0,2153570.3600732186,294.0,50133.1073963654,937014999515.3855,49296256745.65119,64.60743068335083,0.9764107095404655,269.26888547095194,0.9792952022272466,533.0846421145773,0.8977460968779949,,,,
295.0,3.186000370786854,0.0,2473186.919914984,295.0,51191.1246964079,956744203682.2198,91138220375.4599,93.36300698579633,0.9817959382151856,278.8777604853299,0.9791047077781737,532.8172987969909,0.8973294916278692,,,,
296.0,3.2693188755660283,0.0,2782350.762042932,296.0,51965.5664304852,971174701492.849,77897442831.71704,120.0232540819985,0.9849993541904908,284.9464001357474,0.978302886233903,531.769940588045,0.8967958631127098,,,,
297.0,3.1798494088296603,0.0,2586983.585741862,297.0,54190.07026283405,1012699264345.6595,56115370322.140594,149.82031042541368,0.9874535070090025,291.1369322750741,0.9748928121514734,530.2389794230263,0.896596287885922,,,,
298.0,3.311682812946032,0.0,2192678.2412965293,298.0,56294.728558586925,1055145534127.332,68166802215.759544,170.91122600981683,0.9865021134045087,299.44791053359114,0.9759887188343764,528.2418703609229,0.8940246791231098,,,,
299.0,3.4336020618131053,0.0,2954224.385846843,299.0,55721.166052695626,1043148020633.034,66156275209.79711,184.77633385848853,0.989162125041976,303.0486948573231,0.9750773805056244,522.8999725742658,0.8933729870689576,,,,
300.0,3.3820733742401012,0.0,1877624.0712190988,300.0,56288.94534001195,1053618163309.5769,102065957642.22952,195.54381776693464,0.9898534567099181,304.78083364392916,0.9742835093251586,512.8326570872819,0.8860551650790344,,,,
301.0,3.4220448492270465,0.0,3145000.3974758326,301.0,60273.86667694734,1125592412523.221,63808212132.53643,203.63719386840032,0.9895805966598228,305.4573173724735,0.9735382095662369,505.5506819658604,0.884583560445683,,,,
302.0,3.6491500113789757,0.0,2509605.2283356446,302.0,61497.299569441195,1149602869702.2644,86260673269.76614,202.9451355913021,0.995543730024995,297.6066522300708,0.9740560714662969,492.6401893808322,0.883728998644609,,,,
303.0,3.746377866772565,0.0,3165099.742391791,303.0,63179.772446084695,1179561609816.9358,60495376851.28074,187.88603397729977,0.9950783211213297,276.1719684591309,0.9636990781511112,469.9259777828261,0.8784561404056326,,,,
304.0,3.7272536713171007,0.0,2342260.052099673,304.0,62807.12323259299,1173412921929.8884,80157135507.58896,164.76440266730418,0.9831265077204818,248.74682176022822,0.9561910001774859,440.2407284765666,0.8704747517194917,,,,
305.0,3.7950212866796504,0.0,2045412.3280468981,305.0,63576.676041048275,1187737045885.1743,71993120011.18321,147.28956307792507,0.976694367854072,220.62934670628457,0.9483353812100876,412.95115242611865,0.8576662487191804,,,,
306.0,3.758829811919905,0.0,2656376.7994538094,306.0,59911.020594847316,1118532902101.5269,55994558888.5224,125.29590667004233,0.9700770730881488,186.58154328242568,0.9255271424033569,385.98853002589567,0.8492425703911437,,,,
307.0,3.6498581974587343,0.0,2312987.872095683,307.0,59988.02095852983,1120606689450.4702,46792500386.96501,109.1587564806436,0.9722892813766151,161.39450917549445,0.9058529815164125,381.5415774601086,0.8457089928596927,,,,
308.0,3.621002943322465,0.0,1598657.4756576128,308.0,59979.39281571831,1116221525334.3267,61788197398.73793,97.77481199681118,0.9646136752153593,141.95456484509754,0.8934156959421067,382.6086124804168,0.8342201236535529,,,,
309.0,3.6102494138676904,0.0,2683423.204076966,309.0,58152.993262141834,1085794662404.731,45880879041.76103,89.37572274516089,0.9660995972038695,123.03976148765587,0.8622352547195975,383.48430654300336,0.8241696300359388,,,,
310.0,3.481558395426964,0.0,1849137.2219190465,310.0,58065.644024815316,1083362883828.1199,48714359354.07226,83.29462313122013,0.9827220912295699,113.73793385449027,0.8693766944029904,376.90274080869403,0.7999758775648643,,,,
311.0,3.3763977936957246,0.0,879265.7330424114,311.0,56134.41738866435,1050759681844.6099,67617613532.43307,81.16006059303528,0.9887546464468833,111.22031712135603,0.8732656115667461,371.7126794525182,0.7924946117931098,,,,
312.0,3.2677068008734538,0.0,1870845.8933942034,312.0,58062.17872433649,1084341670320.8142,61497704158.13829,82.10859597857257,0.992126572867156,117.63168824658297,0.8674763490784455,366.1189545257404,0.780303523587876,,,,
313.0,3.3954706888849353,0.0,2209803.33292172,313.0,58706.81559311396,1096202611389.9541,54670173277.08731,80.83520041497405,0.9962296180130994,126.58602022568608,0.8700888196305083,359.59814488937434,0.7732657622159805,,,,
314.0,3.4061219179676825,0.0,1477057.631953429,314.0,58228.802623466196,1087344280109.6896,46156767978.177345,71.51051367152982,0.974000540305295,130.96641378662798,0.849483563128154,349.76774679005797,0.7665641926559491,,,,
315.0,3.3348477912426775,0.0,1300330.3829367491,315.0,57060.40665471088,1067101827372.9529,52067853987.600494,63.23206826069476,0.9654338147832716,131.63801794094417,0.8380955280957835,337.57555939305496,0.7457015540242163,,,,
316.0,3.324998939918261,0.0,1190077.889503221,316.0,59060.02678333801,1103133931136.5508,52224918752.08043,55.706200652535706,0.9510508047497911,140.35254326411433,0.8450823045488539,,,,,,
317.0,3.400475077683077,0.0,1293137.5738728566,317.0,58801.194843878126,1098583823874.2307,54320681400.56781,45.264921432765284,0.8770291301610926,158.1396139256543,0.8556876642768841,,,,,,
318.0,3.369322844212669,0.0,1249025.0358395807,318.0,58817.3738884188,1098127310946.8978,57495844477.9185,32.85782465172018,0.7662020107565828,169.21652724521599,0.8359522811866525,,,,,,
319.0,3.3831853794288484,0.0,2084807.1205520898,319.0,58668.628336761,1095293012032.8433,52387542500.621956,23.682203846263,0.6858165615424419,176.7012525221696,0.8401529540872227,,,,,,
320.0,3.359454575101535,0.0,3860880.4221333778,320.0,57634.92869447539,1075942162536.995,57387039705.47129,13.802745610661345,0.5140582672361117,182.50842223745002,0.8352351898709771,,,,,,
321.0,3.2771416803951854,0.0,2900841.634934826,321.0,55728.10132780653,1039333584621.1438,49315845081.42435,11.91781035041707,0.501539600353649,186.7064608845517,0.8294477338246211,,,,,,
322.0,3.0912510989416986,0.0,1230870.8915848848,322.0,55832.418109618324,1042184275332.6417,47285749218.66506,16.558800482587277,0.5631169013203995,188.70650256765154,0.8218169744097618,,,,,,
323.0,3.142946248392977,0.0,1412895.1432927626,323.0,55033.100480447036,1027209990794.8939,55442557956.15464,29.345753764751812,0.6512827696683433,191.3191265154297,0.8323187833803866,,,,,,
324.0,3.0184368009865197,0.0,1028856.069324634,324.0,51416.908304980054,959155260366.7408,63401640502.561295,42.60360113276198,0.7239185885209046,190.29427776915384,0.8311584549786417,,,,,,
325.0,2.8945408869489313,0.0,2520651.481887297,325.0,52526.86659704657,982797427007.2565,73029051195.05199,57.62663015826847,0.7555260451247872,190.88916529707845,0.835116719164285,,,,,,
326.0,2.9430519894468934,0.0,1801366.3048334378,326.0,54584.86994699455,1017637245492.0177,60383378707.04851,70.35238132856082,0.8116730493606028,192.88207620196133,0.8503318474052588,,,,,,
327.0,3.07384308195917,0.0,1126671.3503804624,327.0,54370.137557895185,1020641820438.662,62001716794.84347,88.11679056926353,0.8819089149429382,195.5428372706726,0.8728992579105725,,,,,,
328.0,3.0451901681436064,0.0,1655375.2311678682,328.0,57573.539344778685,1074356788297.177,55664123837.602554,113.95986107736798,0.916950474665416,195.31559220460517,0.8775688463742323,,,,,,
329.0,3.269924263805396,0.0,1412799.572463319,329.0,58376.15847137206,1090022321077.5006,54549112635.671715,135.55248850272102,0.9438541502980816,195.98340275091155,0.9092937449970254,,,,,,
330.0,3.383907214446289,0.0,1191867.1018362846,330.0,58243.27060892363,1086741150606.8165,51948388930.75819,146.25794179889948,0.9651133906269874,187.6736420754524,0.9092822187111013,,,,,,
331.0,3.551553783637895,0.0,848421.0873619793,331.0,57922.40959262911,1081065767945.8683,58387006275.72827,152.44816570912928,0.968849408743577,178.49347908254947,0.9169680300105403,,,,,,
332.0,3.545062358790787,0.0,940315.2787468648,332.0,59014.92563205099,1101028543248.462,63368268626.27834,151.18336861654126,0.9620399980243161,164.55152991100147,0.9129481028047082,,,,,,
333.0,3.653508532174703,0.0,1662074.1391086145,333.0,56830.253335076224,1060221966894.7418,63219904254.35453,142.95568275693952,0.9568857332229815,149.13944298799163,0.9125996498677074,,,,,,
334.0,3.5526890194750074,0.0,1032900.146365131,334.0,55805.32924923426,1049197142851.5631,70594488699.70683,131.86322640033154,0.9493703785617099,134.0489718041821,0.9001464122505796,,,,,,
335.0,3.5518841789781774,0.0,1319653.8334366109,335.0,59428.967566027764,1111684638819.0723,48104078384.27405,121.88832808890444,0.9342213411917043,123.73416079347271,0.8819846189256801,,,,,,
336.0,3.764372263741644,0.0,1282772.7108538612,336.0,61315.197932766816,1145191373521.5942,67332756651.27568,106.2428226854998,0.946008515986138,112.99590772969198,0.8857989391871662,,,,,,
337.0,3.89032478411209,0.0,1603988.3512977457,337.0,57353.86147197248,1069776383193.8628,59984971691.807,80.00738370907231,0.9624144716205103,105.56666423623957,0.8973900703613431,,,,,,
338.0,3.6841192593813004,0.0,1255647.4922240213,338.0,57788.86810329514,1077836070933.286,64605228617.76096,59.1841346771768,0.9477573967713654,104.91588801283001,0.8934700127752979,,,,,,
339.0,3.7631429937663,0.0,1538084.1742151657,339.0,56020.4877195857,1044805904677.5541,63560545036.79726,42.29654352869857,0.9449648522014429,107.61116749920912,0.9026432530590954,,,,,,
340.0,3.731159494607359,0.0,1941659.074014963,340.0,54700.273439277444,1018978819157.4177,57418251743.06042,27.277726124122882,0.9332823823753769,101.03456608465403,0.8696412460043333,,,,,,
341.0,3.6374101380633665,0.0,1506088.0594238194,341.0,52328.5359126325,974195000547.444,53568946625.62234,12.884991541317818,0.6995497148544729,95.38578695744803,0.8605876798948918,,,,,,
342.0,3.45654565728363,0.0,1920555.8229217704,342.0,51313.09262027362,955040794770.1399,46146324828.48082,6.345776997485179,0.533826770432218,90.26277095126596,0.8355595917834338,,,,,,
343.0,3.4091689441553705,0.0,1242280.753273385,343.0,49019.36859236582,916504852500.393,41478786533.38212,2.578157160323588,0.30265675332286124,86.30756448396225,0.8061141917385363,,,,,,
344.0,3.1827432664326514,0.0,859910.0532422252,344.0,49091.81488232977,911379300053.3455,56568112294.26829,1.4487663515997578,0.2123231947815784,85.95199014643254,0.8007252470906812,,,,,,
345.0,3.1610657537595523,0.0,1226007.6683047705,345.0,48727.45120080115,908517236707.5374,60749587836.169136,0.7864366653720614,0.1153194376995261,83.63602108139379,0.7499232735840873,,,,,,
346.0,3.175748756927953,0.0,1274531.3364476825,346.0,50577.45746915202,942969910364.1804,59212268141.16633,1.204465920072177,0.14207267009418914,,,,,,,,
347.0,3.3362322586760174,0.0,1777859.9831093915,347.0,48532.23678981703,905413239164.9064,53499537416.816475,5.5698610282829115,0.40026416826522226,,,,,,,,
348.0,3.217122018012373,0.0,1599517.1556005024,348.0,49787.33995949672,928146793676.4287,63218569171.598305,24.210933109002415,0.7724551869994242,,,,,,,,
349.0,3.242931721707479,0.0,1565772.1138700522,349.0,44970.163459946736,838307614585.1935,59679588927.08056,44.484973764639484,0.8449012738817318,,,,,,,,
350.0,2.9074579497996473,0.0,1765465.0060188465,350.0,46653.52639939581,869649724200.5775,50989764248.82767,66.1954672226562,0.9280785793155724,,,,,,,,
351.0,3.0426385108286698,0.0,1020582.1899737414,351.0,46551.48747675472,869070614247.8623,74357197463.7094,74.98925271123387,0.8904285171694262,,,,,,,,
352.0,3.087320141524126,0.0,2223832.9433896984,352.0,46992.665450048495,875883932252.4404,60355381275.54549,82.01762566298784,0.8983841287182164,,,,,,,,
353.0,2.98763584483063,0.0,3211310.0873618005,353.0,49849.378713583144,929081504353.552,73140585468.96529,84.07901072021386,0.8801683373149863,,,,,,,,
354.0,3.405714487072692,0.0,1746116.7810113225,354.0,48691.894831704405,904133801444.5278,116689607925.81473,84.12181908011173,0.860331869211846,,,,,,,,
355.0,3.342653087055348,0.0,3787584.229273137,355.0,54410.85629451601,1012091985973.4642,101532021847.06647,84.10615744186427,0.8567575700754285,,,,,,,,
356.0,3.7585178032183735,0.0,3817354.570129055,356.0,57669.3035269179,1075380337357.9143,61223272210.96276,76.88293603720163,0.8127734765360847,,,,,,,,
357.0,3.9618022349507513,0.0,1801487.310394524,357.0,56377.63347790987,1050555931433.1447,77351787996.10461,,,,,,,,,,
358.0,3.9485248448514145,0.0,2775427.5786706433,358.0,56038.72775892988,1044189900351.5892,71397235196.83829,,,,,,,,,,
359.0,3.95730378906165,0.0,2197019.8163800626,359.0,51733.075539032034,963911356673.4604,58486508605.55778,,,,,,,,,,
360.0,3.6616850128318688,0.0,1423765.4010969596,360.0,52143.6788446198,971516568847.578,68478739131.4286,,,,,,,,,,
361.0,3.626748192987324,0.0,2221941.498787688,361.0,49238.13690672487,917339726314.6964,64141133353.975624,,,,,,,,,,
362.0,3.5271397343266737,0.0,2174006.701981843,362.0,47898.487027633135,892345220938.2782,61061855793.76279,,,,,,,,,,
363.0,3.451029683415149,0.0,2760967.752737005,363.0,48607.8745224845,905515462576.995,57738376570.131905,,,,,,,,,,
364.0,3.6616351917590464,0.0,1716416.3444175995,364.0,46941.29208582354,874425017687.0778,55312381649.33813,,,,,,,,,,
